feature,coef_mean,coef_std
population_share,0.1352125,0.009296201
technologies_gap,0.12738019,0.006441879
votes_share,0.12053845,0.0046063256
policies_gap,0.108456,0.0032613643
minor_allies_share,0.10713313,0.0058609517
tourism_share,0.102562405,0.003086666
religion_percentage,0.09478913,0.0034877774
production_share,0.09040985,0.002434283
military_share,0.08649658,0.0024064842
happiness_percentage,0.0681034,0.0029648072
turn_progress,0.059891887,0.002036045
gold_share,0.016963428,0.006965785
