feature,coef_mean,coef_std
policies_gap,0.57549655,0.13822788
population_share,0.4621609,0.09083359
technologies_gap,0.447997,0.15488033
votes_share,0.3780274,0.1600316
minor_allies_share,0.2857437,0.10059698
tourism_share,0.24525352,0.05480776
production_share,0.18586998,0.06332463
religion_percentage,0.18442166,0.09198966
military_share,0.15662567,0.0256267
happiness_percentage,0.048283894,0.024065949
gold_share,0.02711072,0.04262687
turn_progress,2.5116103e-06,2.3272044e-06
