feature,coef_mean,coef_std
policies_gap,0.39612556,0.022346964
votes_share,0.19674447,0.017551256
technologies_gap,0.18906863,0.008801435
population_share,0.06334379,0.0127223935
minor_allies_share,0.04584228,0.008933403
religion_percentage,0.033334535,0.0073073152
production_share,0.020234456,0.005182074
tourism_share,0.01709423,0.0033632568
military_share,0.016013587,0.0039475947
happiness_percentage,0.013872892,0.0058905436
gold_share,0.008325586,0.0047871545
