{
  "model": "xgboost",
  "metric": "log_loss",
  "direction": "minimize",
  "best_value": 0.2249565643886297,
  "best_params": {
    "max_depth": 10,
    "learning_rate": 0.05280803031682479,
    "subsample": 0.9786850714209312,
    "colsample_bytree": 0.5351110540665767,
    "min_child_weight": 2,
    "gamma": 4.880444703292798e-07,
    "reg_lambda": 0.23149022192776322,
    "calibrate": false,
    "exclude_turn_progress": false
  },
  "n_trials": 1000,
  "resample_method": "undersample"
}