{
  "model": "grouped_mlp",
  "mode": "params",
  "metric": "log_loss",
  "direction": "minimize",
  "best_value": 0.29294533191409217,
  "best_params": {
    "n_layers": 28,
    "layer_size": 160,
    "dropout": 0.35403628889802274,
    "lr": 0.00010994335574766199,
    "weight_decay": 0.008123245085588688,
    "epochs": 26,
    "loss_tp_alpha": 1.0308477766956905
  },
  "best_trial": 1,
  "n_trials_so_far": 2,
  "resample_method": null,
  "generated_code": "layer_sizes: Tuple[int, ...] = (160,) * 28,\ndropout: float = 0.354036,\nlr: float = 0.000109943,\nweight_decay: float = 0.00812325,\nepochs: int = 26,\nloss_tp_alpha: float = 1.03085,"
}