feature,coef_mean,coef_std
population_share,0.4749062,0.15681034
technologies_gap,0.41220418,0.21436903
policies_gap,0.34876165,0.16817608
minor_allies_share,0.3476245,0.08158328
production_share,0.28487164,0.07046478
tourism_share,0.25600168,0.106815405
votes_share,0.22559974,0.12890984
religion_percentage,0.18772551,0.08979401
military_share,0.16866395,0.054869533
happiness_percentage,0.088593245,0.025045462
gold_share,0.01523795,0.014983775
turn_progress,3.5617373e-05,7.818609e-05
