feature,coef_mean,coef_std
turn_progress,0.07554734,0.015606977
technologies_gap,0.05376596,0.0103261415
population_share,0.050380666,0.028451853
policies_gap,0.04290108,0.017184442
gold_share,0.0410318,0.008042024
votes_share,0.03989767,0.010872825
happiness_percentage,0.0377264,0.017081005
tourism_share,0.034781154,0.007936248
production_share,0.028486421,0.0072325757
religion_percentage,0.025605302,0.011528199
military_share,0.024086934,0.008670426
minor_allies_share,0.023825372,0.006961462
