feature,coef_mean,coef_std
turn_progress,0.08350838,0.011877974
population_share,0.06682547,0.015004858
technologies_gap,0.06421992,0.012011731
policies_gap,0.052826427,0.011388583
votes_share,0.049378462,0.009351193
happiness_percentage,0.048482593,0.0054942053
tourism_share,0.042091247,0.01835789
gold_share,0.03982865,0.013020895
religion_percentage,0.034747977,0.00917185
production_share,0.03462202,0.0055422746
military_share,0.033796452,0.008387502
minor_allies_share,0.02873506,0.004566289
