feature,coef_mean,coef_std
turn_progress,0.08039851,0.006379645
population_share,0.0654311,0.008689291
technologies_gap,0.0626919,0.01612958
votes_share,0.0542238,0.012620286
policies_gap,0.049996015,0.006855596
happiness_percentage,0.044220634,0.008100626
gold_share,0.04362138,0.012269005
tourism_share,0.03917217,0.0037901774
production_share,0.03642965,0.0030349023
military_share,0.035882693,0.003460151
minor_allies_share,0.033983923,0.00835693
religion_percentage,0.03171033,0.010458825
