feature,coef_mean,coef_std
turn_progress,0.19955155,0.00881768
population_share,0.19904135,0.0053919503
technologies_gap,0.17231746,0.0070934836
votes_share,0.16492382,0.007715051
policies_gap,0.15891172,0.0064758034
tourism_share,0.14867856,0.0068821027
religion_percentage,0.14542188,0.008912768
gold_share,0.13982832,0.006874375
minor_allies_share,0.13581656,0.009380363
happiness_percentage,0.13452709,0.0034920997
military_share,0.12052697,0.0054850196
production_share,0.11106253,0.0062185638
