feature,coef_mean,coef_std
gold_raw_share,0.18574211,0.01082221
turn_progress,0.16498277,0.020030933
policies_gap,0.15136614,0.0138408
culture_per_turn,0.14721927,0.0058975215
votes,0.1388224,0.015521655
military_share,0.13806328,0.022605708
faith_raw_share,0.13476434,0.015863897
tourism_raw_share,0.13390754,0.017243758
science_per_turn,0.12754753,0.01296975
minor_allies,0.12718633,0.017703647
production_share,0.1269189,0.00708614
food_per_turn,0.12471819,0.013397469
