model,roc_auc_mean,roc_auc_std,brier_mean,brier_std,log_loss_mean,log_loss_std,balanced_accuracy_mean,balanced_accuracy_std,n_features
grouped_mlp,0.8536946024878345,0.013285828045632303,0.08371682863697938,0.0037821130527363788,0.27637643369600573,0.01068968766732112,0.7003009197061167,0.01937890723915615,17
