model,roc_auc_mean,roc_auc_std,brier_mean,brier_std,log_loss_mean,log_loss_std,balanced_accuracy_mean,balanced_accuracy_std,n_features
baseline,0.9517899280497428,0.009097993253342615,0.09153460060071865,0.007283579203563777,0.28841717350809837,0.02177508432000465,0.8835566786929334,0.013859509401700115,11
xgboost,0.9531985714654019,0.00794389612858591,0.08890375973198553,0.007628579931171652,0.2782446627339265,0.020643150611655697,0.8835723159609078,0.011469042825438026,11
mlp,0.9524660962861846,0.006716425893607839,0.086104961193484,0.007383460965211481,0.2704869313688568,0.02022436471555073,0.8818772450260773,0.014378956796892278,11
plackett_luce,0.9641702388875195,0.0071427494421001745,0.04984216732373857,0.005619027853612176,0.1638464445165639,0.01589683302049139,0.8558632494311762,0.022464930624318487,12
