model,roc_auc_mean,roc_auc_std,brier_mean,brier_std,log_loss_mean,log_loss_std,balanced_accuracy_mean,balanced_accuracy_std,n_features
mlp,0.8447351687235173,0.01497884268339041,0.08653659577877183,0.003253382916673576,0.2854854111893111,0.01019136983479552,0.6226164996296143,0.009138947431458731,13
grouped_mlp,0.8582313559401463,0.014283016270789439,0.0828993814251626,0.003949503125019126,0.2732103188987204,0.01134507136248111,0.7032818543719503,0.019405692146456037,17
interaction_mlp,0.8574437880156397,0.012215240671469738,0.08269699903443517,0.003626265530462342,0.2725838641059616,0.010339154815880781,0.7016355671061842,0.01955376296364642,17
attention_mlp,0.844101157430978,0.012720076065855377,0.08657564205263564,0.0037087667894401106,0.29060361361056763,0.012454148886762426,0.6903901908346017,0.015436522017842605,17
