model,roc_auc_mean,roc_auc_std,brier_mean,brier_std,log_loss_mean,log_loss_std,balanced_accuracy_mean,balanced_accuracy_std,r2_mean,r2_std,n_features
baseline,0.8261769350942607,0.015155657465578632,0.1709744522120436,0.00343884499584125,0.5095085199381761,0.008893839703586131,0.7328964324224889,0.016886895430998652,-0.50539295479819,0.030770717596270782,11
xgboost,0.8442986016176292,0.01612534979228701,0.16015984835651859,0.0030066916877379253,0.471176675146038,0.007316172282062925,0.7527026024328081,0.01869539512200712,-0.410155200958252,0.02581578246808411,12
mlp,0.8400194063493338,0.015100854990671294,0.0871681123283001,0.0029366849057664945,0.28755682024821094,0.009449598721739404,0.6173033768910523,0.010119591602940434,0.23249273300170897,0.02636036291686019,12
grouped_mlp,0.8447343455547445,0.013061851974599274,0.08557948661041519,0.003113112772230415,0.28298920534974753,0.009189461504662102,0.6877295076278563,0.015281558873412452,0.24648162126541137,0.027818265185776077,12
naive,0.5,0.0,0.11357606546948043,0.00036263091462833565,0.38760908758226087,0.0009302333288872791,0.5,0.0,-2.6603204105857257e-06,2.9515709449084122e-06,0
