model,roc_auc_mean,roc_auc_std,brier_mean,brier_std,log_loss_mean,log_loss_std,balanced_accuracy_mean,balanced_accuracy_std,n_features
naive,0.5,0.0,0.11357606546948043,0.0003626309146283306,0.3876090875822609,0.000930233328887255,0.5,0.0,0
baseline,0.8290888124121256,0.014504300206003446,0.16914859474754612,0.003184514163246364,0.5061736083549873,0.008618340756812237,0.7370677788754868,0.01643867055254138,12
xgboost,0.8466558099086271,0.016517272297603407,0.15823362032924576,0.003264875589528454,0.46627376740984755,0.008014256533200866,0.7562944665762332,0.0188412046587343,13
mlp,0.8447486771239452,0.015215183661223276,0.08655735961630065,0.0032137717000177727,0.28564523650545004,0.010316599007234107,0.6197902556307111,0.005541633267437726,13
grouped_mlp,0.8527130471300606,0.01857467988131065,0.08430014307011235,0.005269514372928885,0.2797562431758654,0.015507620387058985,0.7015074800086655,0.025246738005761698,15
interaction_mlp,0.855094750294408,0.011178542171515485,0.08344617705541355,0.0029160643211325857,0.27572626565620684,0.008534386437209086,0.6993381528867608,0.016374496700722895,18
