model,roc_auc_mean,roc_auc_std,brier_mean,brier_std,log_loss_mean,log_loss_std,balanced_accuracy_mean,balanced_accuracy_std,r2_mean,r2_std,n_features
baseline,0.8275626161181077,0.012815819572163812,0.170367972835597,0.003891359374056766,0.5078748381604694,0.009422924625842441,0.7336827693453587,0.014230502407938035,-0.5002916120440053,0.03053829348762262,11
xgboost,0.8437562814545856,0.013795887036775773,0.15975616599584339,0.00265834402176614,0.4704994723295714,0.006711977164834453,0.7519978079993841,0.015109458656155995,-0.40686185359954835,0.020161308838610906,12
mlp,0.840289527674307,0.014353081955602885,0.08696074774516253,0.003018493724270491,0.2877062637620316,0.010881460324662874,0.620270388620175,0.004285380974212906,0.23418387174606323,0.026221161868430435,12
grouped_mlp,0.846768097800631,0.013767818783582226,0.08474809451296188,0.0028566286656010937,0.2813469828082014,0.00936683962446795,0.69480393836161,0.011368431104746215,0.253658139705658,0.025261349932010242,12
naive,0.5,0.0,0.11355312216765637,0.00047980141046642433,0.3875503712242846,0.001231066784333364,0.5,0.0,-4.647040093219701e-06,3.149906358440399e-06,0
