model,roc_auc_mean,roc_auc_std,brier_mean,brier_std,log_loss_mean,log_loss_std,balanced_accuracy_mean,balanced_accuracy_std,n_features
baseline,0.8323437926023928,0.015490756351798078,0.1684515849794991,0.005638624272166183,0.5024344613283097,0.014521421551675663,0.7377265904839121,0.015103704495684218,11
xgboost,0.8411743872417627,0.013479639214423432,0.1666978977724258,0.004761845625935062,0.48965515742928056,0.012414461794375508,0.7492918580575012,0.013727362454961218,12
mlp,0.8451817299744443,0.010263939547454208,0.08620457628537717,0.002752569476747585,0.2844938619762186,0.007602168403549494,0.6222102274400118,0.007636619862418218,12
grouped_mlp,0.8520646054621025,0.0092273088898356,0.08333573957409783,0.0026266202809904107,0.2764008745692825,0.008023634635240655,0.6980837335980741,0.01478106094529444,12
