model,roc_auc_mean,roc_auc_std,brier_mean,brier_std,log_loss_mean,log_loss_std,balanced_accuracy_mean,balanced_accuracy_std,n_features
baseline,0.8316990433095898,0.01907601025677841,0.16894494454112335,0.0028339342179268512,0.5033226580223074,0.007100549702047655,0.7370698376307886,0.02010149714737233,11
xgboost,0.8396983575808885,0.02222034466506024,0.16728917877920926,0.0036890890326134115,0.4914701293124046,0.009062945497983216,0.7481523751027718,0.02288104422217203,12
mlp,0.8446146693641726,0.01924324875086134,0.08624727737661504,0.0029378258545738486,0.2846910024933811,0.012493957399692942,0.6229230563618169,0.009856893491637396,12
grouped_mlp,0.8488723943632959,0.016604096829140363,0.08464863073693489,0.00278467129949677,0.28031384042384266,0.011377828333730819,0.6924741192099948,0.015136166829312897,12
