model,roc_auc_mean,roc_auc_std,brier_mean,brier_std,log_loss_mean,log_loss_std,balanced_accuracy_mean,balanced_accuracy_std,n_features
naive,0.5,0.0,0.11357606546948043,0.0003626309146283306,0.3876090875822609,0.000930233328887255,0.5,0.0,0
baseline,0.8290888124121256,0.014504300206003446,0.16914859474754612,0.003184514163246364,0.5061736083549873,0.008618340756812237,0.7370677788754868,0.01643867055254138,12
xgboost,0.8466558099086271,0.016517272297603407,0.15823362032924576,0.003264875589528454,0.46627376740984755,0.008014256533200866,0.7562944665762332,0.0188412046587343,13
mlp,0.8447885197955326,0.01496709496787121,0.08651355185778749,0.003232662523081861,0.2854755038485286,0.010128935464362374,0.6219980212882741,0.00641765803781478,13
grouped_mlp,0.8537463334169711,0.017272058103762044,0.08404806186541383,0.004726939474556546,0.27863286203064186,0.013259841775889932,0.7030720294726324,0.022460716338163805,15
interaction_mlp,0.8567751513414906,0.01203453438475046,0.08266882295718284,0.0032095591877883537,0.27348765651301943,0.009410303083368154,0.701812284053231,0.013311804658672521,18
