model,roc_auc_mean,roc_auc_std,brier_mean,brier_std,log_loss_mean,log_loss_std,balanced_accuracy_mean,balanced_accuracy_std,n_features
baseline,0.8290888124121256,0.014504300206003446,0.16914859474754612,0.003184514163246364,0.5061736083549873,0.008618340756812237,0.7370677788754868,0.01643867055254138,12
xgboost,0.8466558099086271,0.016517272297603407,0.15823362032924576,0.003264875589528454,0.46627376740984755,0.008014256533200866,0.7562944665762332,0.0188412046587343,13
mlp,0.8442831283085288,0.015289555520198193,0.08658418081263983,0.0033321541189187485,0.285679208228219,0.010310701802616536,0.6223645815837664,0.012435790831794982,13
grouped_mlp,0.8497003835547406,0.014095117014201037,0.08492763364910924,0.003908887809075371,0.2819295355753984,0.012017519485199635,0.6979367428230809,0.019398614580602647,13
naive,0.5,0.0,0.11357606546948043,0.0003626309146283306,0.3876090875822609,0.000930233328887255,0.5,0.0,0
