model,roc_auc_mean,roc_auc_std,brier_mean,brier_std,log_loss_mean,log_loss_std,balanced_accuracy_mean,balanced_accuracy_std,r2_mean,r2_std,n_features
baseline,0.8290888124121256,0.014504300206003446,0.16914859474754612,0.003184514163246364,0.5061736083549873,0.008618340756812237,0.7370677788754868,0.01643867055254138,-0.48931892039382935,0.028712914237104564,12
xgboost,0.8466558099086271,0.016517272297603407,0.15823362032924576,0.003264875589528454,0.46627376740984755,0.008014256533200866,0.7562944665762332,0.0188412046587343,-0.3931842803955078,0.027478461988744166,13
mlp,0.8447746263084944,0.014946533202871516,0.08628788527592479,0.003262723499725094,0.28462202672228826,0.010118787730424605,0.6220294682328159,0.016430265930823227,0.24024962186813353,0.028952506354203645,13
grouped_mlp,0.8479496425006893,0.013354622074728944,0.08509399449803716,0.0033207468532938642,0.2818028400252528,0.010704204175778546,0.6958804024386127,0.01791013396917793,0.25077697038650515,0.028965088420979005,13
naive,0.5,0.0,0.11357606546948043,0.0003626309146283306,0.3876090875822609,0.000930233328887255,0.5,0.0,-2.6603204105857257e-06,2.9515709448856253e-06,0
