model,roc_auc_mean,roc_auc_std,brier_mean,brier_std,log_loss_mean,log_loss_std,balanced_accuracy_mean,balanced_accuracy_std,n_features
grouped_mlp,0.8586261039418318,0.014273519418757307,0.08277971590317248,0.0039283351927660035,0.2727665495204644,0.011334103534792464,0.703584304850236,0.019084435287903396,17
