model,roc_auc_mean,roc_auc_std,brier_mean,brier_std,log_loss_mean,log_loss_std,balanced_accuracy_mean,balanced_accuracy_std,n_features
baseline,0.8297519127329164,0.01301955120545498,0.16947266660193994,0.004920884942335561,0.5053350745017705,0.014860076356495344,0.7357114537100401,0.01776762668743326,11
xgboost,0.8456375575383582,0.010167689099305308,0.15927927548651297,0.0036347021458752117,0.4686582589485931,0.010211134358191183,0.7538264948805826,0.010458887699354444,12
mlp,0.8426400743863027,0.009305693284590574,0.08696190011829369,0.002708987881991236,0.28639883029838886,0.00700688506369198,0.6177970749221424,0.008738473642395118,12
grouped_mlp,0.8461932092037305,0.01135847691893364,0.08517668627921544,0.0026865932466539405,0.28170638858876956,0.0079257267962097,0.6926007806103472,0.01821780933760356,12
