model,roc_auc_mean,roc_auc_std,brier_mean,brier_std,log_loss_mean,log_loss_std,balanced_accuracy_mean,balanced_accuracy_std,n_features
grouped_mlp,0.9573397515679188,0.010477922030784044,0.05601854763773051,0.007800261888354593,0.1835596498688148,0.027857987513710436,0.8385196857636708,0.02368428347063846,13
interaction_mlp,0.9633459718046915,0.008392237264138062,0.05196351661130625,0.006640498440095494,0.16547584010154034,0.01917753794012394,0.8458812094478889,0.022377701626392132,14
