model,roc_auc_mean,roc_auc_std,brier_mean,brier_std,log_loss_mean,log_loss_std,balanced_accuracy_mean,balanced_accuracy_std,n_features
baseline,0.8323437926023928,0.015490756351798078,0.1684515849794991,0.005638624272166183,0.5024344613283097,0.014521421551675663,0.7377265904839121,0.015103704495684218,11
xgboost,0.8411743872417627,0.013479639214423432,0.1666978977724258,0.004761845625935062,0.48965515742928056,0.012414461794375508,0.7492918580575012,0.013727362454961218,12
mlp,0.8460370832075708,0.011307004144046546,0.1607555192033546,0.006612153299941644,0.4724656702815687,0.01625333773902541,0.7543043889527712,0.01396932235052731,12
grouped_mlp,0.8513722479079746,0.009416563719835321,0.0839074767419471,0.0025168951391649646,0.2774726674648423,0.007680617678384266,0.6981943184777604,0.01599725808873059,12
