model,roc_auc_mean,roc_auc_std,brier_mean,brier_std,log_loss_mean,log_loss_std,balanced_accuracy_mean,balanced_accuracy_std,n_features
mlp,0.844440524879996,0.015656874942769496,0.08649517389712383,0.00338421950402908,0.28552744322577206,0.010703481410386335,0.620742489588421,0.00988008790689258,13
grouped_mlp,0.8612854018913387,0.013000309513495,0.08173433751885559,0.0035143626447374033,0.2697498707357232,0.01018244498206843,0.7083950009533675,0.018621832400641445,17
interaction_mlp,0.8570068196450802,0.01169618532846594,0.0827246566246502,0.0033817999590489574,0.2728508062658675,0.009447813902122314,0.7017222195937999,0.01941111216149028,17
attention_mlp,0.8434264294010964,0.012916197127942732,0.08672926675312735,0.0034729770516431506,0.29061212065662634,0.01169452149714129,0.6898904515842625,0.013767766819855693,17
