model,roc_auc_mean,roc_auc_std,brier_mean,brier_std,log_loss_mean,log_loss_std,balanced_accuracy_mean,balanced_accuracy_std,n_features
grouped_mlp,0.8553202223832921,0.014397149355277897,0.0835095956721934,0.004177557066338833,0.27631145322043116,0.011758565482134586,0.7016879922832346,0.020157543859098792,17
interaction_mlp,0.8260316463599711,0.014638551688813612,0.09508664542116547,0.0032137588457059134,0.35144175269672145,0.022273461809683606,0.6817924716913476,0.011431139205758504,18
