model,roc_auc_mean,roc_auc_std,brier_mean,brier_std,log_loss_mean,log_loss_std,balanced_accuracy_mean,balanced_accuracy_std,n_features
baseline,0.8290888124121256,0.014504300206003446,0.16838176232615348,0.00687980006975282,0.5009798712078395,0.016420739898645304,0.7370677788754868,0.01643867055254138,12
xgboost,0.8466558099086271,0.016517272297603407,0.15971100714008993,0.008321473623415654,0.476194753113373,0.019256377340441888,0.7562944665762332,0.0188412046587343,13
naive,0.5,0.0,0.3864242568952797,9.081586650594595e-05,1.0876427900841996,0.0003997057566526188,0.5,0.0,0
