model,roc_auc_mean,roc_auc_std,brier_mean,brier_std,log_loss_mean,log_loss_std,balanced_accuracy_mean,balanced_accuracy_std,n_features
baseline,0.8327542996025604,0.021383393583012958,0.1682998039947809,0.006345487149837406,0.5021364797348395,0.01665943855833484,0.7375772426495024,0.019620124777310222,11
xgboost,0.8408322442570244,0.020883169976013843,0.16662221218884127,0.005537016375448484,0.49014616599297234,0.015668076227920134,0.7487460732059906,0.01914587887369772,12
mlp,0.8458753987239256,0.01815750978017086,0.08637742451509714,0.004628968547987054,0.285222941458432,0.01542282374651864,0.6248963881554619,0.014049219818688957,12
grouped_mlp,0.8490741562559181,0.016935020065174118,0.08434445473665678,0.004023659963449637,0.28044289872410677,0.015499087917283607,0.6967359897854994,0.01603105966244303,12
