model,roc_auc_mean,roc_auc_std,brier_mean,brier_std,log_loss_mean,log_loss_std,balanced_accuracy_mean,balanced_accuracy_std,n_features
baseline,0.8308834864139583,0.009785455718814269,0.16915354783530603,0.003010705713746303,0.503931992307501,0.008342664678957154,0.7360956434595171,0.009674116266892095,11
xgboost,0.8466584471035962,0.006854581534730736,0.15903981231592645,0.0029445893561977077,0.46842380916361426,0.008329393964272213,0.7550400867230287,0.005099473139547659,12
mlp,0.8431909523199769,0.005614996578414564,0.08650274195177611,0.002220332495417849,0.2854776282007288,0.005647789360621046,0.6199680662037867,0.01608878940270084,12
grouped_mlp,0.8485009201605893,0.007193033179411676,0.08419285619890296,0.0024677579757446163,0.27970997112509155,0.007668069615242549,0.6980308082037967,0.01321167546233946,12
