model,roc_auc_mean,roc_auc_std,brier_mean,brier_std,log_loss_mean,log_loss_std,balanced_accuracy_mean,balanced_accuracy_std,n_features
baseline,0.8290888124121256,0.014504300206003446,0.16838176232615348,0.00687980006975282,0.5009798712078395,0.016420739898645304,0.7370677788754868,0.01643867055254138,12
xgboost,0.8466558099086271,0.016517272297603407,0.15971100714008993,0.008321473623415654,0.476194753113373,0.019256377340441888,0.7562944665762332,0.0188412046587343,13
mlp,0.8448244542404642,0.014801695429692983,0.2606014096346899,0.012296768825152113,0.7665482688782734,0.03709735861696566,0.62040098437629,0.01683093973890892,13
grouped_mlp,0.8498591122762761,0.014239912718503138,0.251145510386122,0.009396215776935434,0.7465865685268639,0.03334327722914138,0.6972490086504075,0.01976290953924807,13
naive,0.5,0.0,0.3864242568952797,9.081586650594595e-05,1.0876427900841996,0.0003997057566526188,0.5,0.0,0
