model,roc_auc_mean,roc_auc_std,brier_mean,brier_std,log_loss_mean,log_loss_std,balanced_accuracy_mean,balanced_accuracy_std,n_features
mlp,0.8449522678001398,0.014770776207929569,0.08644292846461253,0.003248352260348385,0.285196773532443,0.01017539182810842,0.6235425216427883,0.009931804295248876,13
interaction_mlp,0.8563623191104405,0.01236726952186325,0.08299641618709068,0.0034188904845428593,0.27335068782921895,0.009789128935009668,0.6991103927304617,0.019074366701032474,14
attention_mlp,0.8480277095527345,0.012497732116586812,0.08575301848476642,0.003958948166043049,0.285499779502606,0.011474784202134785,0.6913881935049235,0.014607724555163836,14
