model,roc_auc_mean,roc_auc_std,brier_mean,brier_std,log_loss_mean,log_loss_std,balanced_accuracy_mean,balanced_accuracy_std,n_features
baseline,0.83296403685924,0.016183966482434035,0.1678794625281928,0.0028817311003804273,0.5009918744970638,0.007548606712571388,0.7375887421037298,0.015146546526958573,11
xgboost,0.8411473404245845,0.015541388025251741,0.1663015408500741,0.002454065074806196,0.4887751378493608,0.005992624899984483,0.7489068379772342,0.013684544326476984,12
mlp,0.8458352107651048,0.016122983241843088,0.16453224448859782,0.004307112339621246,0.4822236546935355,0.011395085658294321,0.7533065181042273,0.014567614515523283,12
grouped_mlp,0.8524838474255827,0.017227751815824147,0.08349721330118981,0.004166008198733152,0.27678043962999405,0.014462172450560215,0.6979025363156135,0.016304465370272133,12
