model,roc_auc_mean,roc_auc_std,brier_mean,brier_std,log_loss_mean,log_loss_std,balanced_accuracy_mean,balanced_accuracy_std,n_features
naive,0.5,0.0,0.11357606546948043,0.0003626309146283306,0.3876090875822609,0.000930233328887255,0.5,0.0,0
baseline,0.8290888124121256,0.014504300206003446,0.16914859474754612,0.003184514163246364,0.5061736083549873,0.008618340756812237,0.7370677788754868,0.01643867055254138,12
xgboost,0.8466558099086271,0.016517272297603407,0.15823362032924576,0.003264875589528454,0.46627376740984755,0.008014256533200866,0.7562944665762332,0.0188412046587343,13
mlp,0.8448761869507241,0.014864360845872403,0.08642620561682715,0.0032561297045381045,0.2853634709453373,0.010193844554919873,0.6213803491385941,0.011816504431960277,13
grouped_mlp,0.856285278280015,0.01471252228289816,0.08315060136998134,0.004464138975897873,0.27522860923401316,0.012466180414202204,0.7035262422614932,0.021067376311233992,17
interaction_mlp,0.8561941973412139,0.012298951071024643,0.08292992474708658,0.0031265522527528936,0.2740697386952114,0.009021642600422408,0.7001931211164651,0.015111519573552947,18
attention_mlp,0.855497412129712,0.012346645233618241,0.08339426165027904,0.003877064435247301,0.2763981158732157,0.01214709256999895,0.69847302688944,0.017126323052499084,18
