model,roc_auc_mean,roc_auc_std,brier_mean,brier_std,log_loss_mean,log_loss_std,balanced_accuracy_mean,balanced_accuracy_std,n_features
xgboost,0.8466558099086271,0.016517272297603407,0.15823362032924576,0.003264875589528454,0.46627376740984755,0.008014256533200866,0.7562944665762332,0.0188412046587343,13
mlp,0.8445037590020531,0.01526104235437226,0.08650249507514732,0.003174344803222788,0.2856061031741686,0.010198607248728588,0.6197933147612203,0.006968637124946471,13
grouped_mlp,0.849490857925103,0.014241096828762075,0.08504672388826906,0.003988831710513012,0.2823293415098584,0.012737634527963199,0.6971201018191935,0.019029689895705335,13
interaction_mlp,0.8567442025795338,0.012008409011113884,0.08287508604749579,0.0033685050524455214,0.27295624101926064,0.009396203506122289,0.699819914916834,0.018843321101498653,14
