model,roc_auc_mean,roc_auc_std,brier_mean,brier_std,log_loss_mean,log_loss_std,balanced_accuracy_mean,balanced_accuracy_std,r2_mean,r2_std,n_features
baseline,0.8275626161181077,0.012815819572163812,0.170367972835597,0.003891359374056766,0.5078748381604694,0.009422924625842441,0.7336827693453587,0.014230502407938035,-0.5002916120440053,0.03053829348762262,11
xgboost,0.8437562814545856,0.013795887036775773,0.15975616599584339,0.00265834402176614,0.4704994723295714,0.006711977164834453,0.7519978079993841,0.015109458656155995,-0.40686185359954835,0.020161308838610906,12
mlp,0.8412680893381038,0.013758986135072438,0.0869191059508538,0.0027875469127491745,0.28734976617779856,0.009973812020920224,0.6151290279524761,0.003117302960062096,0.23455127477645873,0.024150553555778168,12
grouped_mlp,0.8458008456822863,0.011892045760592593,0.08488224030292106,0.002682215305935439,0.28152532439235733,0.008457901677132753,0.6932829455928784,0.011454328075900083,0.2524879932403564,0.02330745067785772,12
