model,roc_auc_mean,roc_auc_std,brier_mean,brier_std,log_loss_mean,log_loss_std,balanced_accuracy_mean,balanced_accuracy_std,r2_mean,r2_std,n_features
baseline,0.8290888124121256,0.014504300206003446,0.16838176232615348,0.00687980006975282,0.5009798712078395,0.016420739898645304,0.7370677788754868,0.01643867055254138,-0.48931892039382935,0.028712914237104564,12
xgboost,0.8466558099086271,0.016517272297603407,0.15971100714008993,0.008321473623415654,0.476194753113373,0.019256377340441888,0.7562944665762332,0.0188412046587343,-0.3931842803955078,0.027478461988744166,13
mlp,0.8441336505830372,0.014945036302593534,0.26054204960778593,0.01232163664642453,0.7651000159958434,0.0377479124033677,0.6210501339129131,0.015668087328440935,0.23951971530914307,0.028355182824079884,13
grouped_mlp,0.8487618079961224,0.01455416774477005,0.25334945941832965,0.00836773646137931,0.7484528219769374,0.03488907245499031,0.6973882150183004,0.020719295760401022,0.25203758478164673,0.03415921868125556,13
naive,0.5,0.0,0.3864242568952797,9.081586650594595e-05,1.0876427900841996,0.0003997057566526188,0.5,0.0,-2.6603204105857257e-06,2.9515709448856253e-06,0
