model,roc_auc_mean,roc_auc_std,brier_mean,brier_std,log_loss_mean,log_loss_std,balanced_accuracy_mean,balanced_accuracy_std,r2_mean,r2_std,n_features
baseline,0.8290888124121256,0.014504300206003446,0.16838176232615348,0.00687980006975282,0.5009798712078395,0.016420739898645304,0.7370677788754868,0.01643867055254138,-0.48931892039382935,0.028712914237104564,12
xgboost,0.8466558099086271,0.016517272297603407,0.15971100714008993,0.008321473623415654,0.476194753113373,0.019256377340441888,0.7562944665762332,0.0188412046587343,-0.3931842803955078,0.027478461988744166,13
mlp,0.8444497721150535,0.015532441073347447,0.2618288594198105,0.011559784037629221,0.7691951176231646,0.0362476710407005,0.6192097485026397,0.013432944571581808,0.2404151439666748,0.029780678527585674,13
grouped_mlp,0.8498211375504006,0.014820956865878677,0.2517258673086569,0.009964707179245646,0.7453592090537671,0.03466156702348492,0.6992318639388678,0.020745020077176376,0.2534494996070862,0.035104663824971336,13
naive,0.5,0.0,0.3864242568952797,9.081586650594595e-05,1.0876427900841996,0.0003997057566526188,0.5,0.0,-2.6603204105857257e-06,2.9515709448856253e-06,0
