feature,coef_mean,coef_std
religion_percentage,0.19077992,0.074364744
policies_gap,0.18418987,0.027889043
population_share,0.18384871,0.015705694
technologies_gap,0.1589624,0.03170111
votes_share,0.08301923,0.008530525
minor_allies_share,0.07741015,0.012783388
production_share,0.055886526,0.016310256
turn_progress,0.019654702,0.0071193697
gold_share,0.0190395,0.0042974944
happiness_percentage,0.01691673,0.0027608837
tourism_share,0.007423242,0.0023406183
military_share,0.002869057,0.0019932715
